{"resourceType":"ImplementationGuide","id":"fhir.ig.experiment.01","text":{"status":"extensions","div":"<div xmlns=\"http://www.w3.org/1999/xhtml\"><h2>FHIRIGExperiment01</h2><p>The official URL for this implementation guide is: </p><pre>https://about.me/robeastwood/fhir/ig/ImplementationGuide/fhir.ig.experiment.01</pre><div><p>FHIR IG experiments</p>\n</div></div>"},"url":"https://about.me/robeastwood/fhir/ig/ImplementationGuide/fhir.ig.experiment.01","version":"0.0.1","name":"FHIRIGExperiment01","title":"FHIR Implementation Guide Experiment 01","status":"draft","experimental":false,"date":"2021-07-29T02:08:10+00:00","contact":[{"telecom":[{"system":"url","value":"https://github.com/robeastwood-agency"}]}],"description":"FHIR IG experiments","jurisdiction":[{"coding":[{"system":"urn:iso:std:iso:3166","code":"AU"}]}],"packageId":"fhir.ig.experiment.01","license":"CC0-1.0","fhirVersion":["4.0.1"],"definition":{"extension":[{"extension":[{"url":"code","valueString":"copyrightyear"},{"url":"value","valueString":"2020+"}],"url":"http://hl7.org/fhir/tools/StructureDefinition/ig-parameter"},{"extension":[{"url":"code","valueString":"releaselabel"},{"url":"value","valueString":"CI Build"}],"url":"http://hl7.org/fhir/tools/StructureDefinition/ig-parameter"},{"extension":[{"url":"code","valueString":"excludettl"},{"url":"value","valueString":"true"}],"url":"http://hl7.org/fhir/tools/StructureDefinition/ig-parameter"},{"extension":[{"url":"code","valueString":"excludemap"},{"url":"value","valueString":"true"}],"url":"http://hl7.org/fhir/tools/StructureDefinition/ig-parameter"},{"extension":[{"url":"code","valueString":"autoload-resources"},{"url":"value","valueString":"true"}],"url":"http://hl7.org/fhir/tools/StructureDefinition/ig-parameter"},{"extension":[{"url":"code","valueString":"path-liquid"},{"url":"value","valueString":"template/liquid"}],"url":"http://hl7.org/fhir/tools/StructureDefinition/ig-parameter"},{"extension":[{"url":"code","valueString":"path-liquid"},{"url":"value","valueString":"input/liquid"}],"url":"http://hl7.org/fhir/tools/StructureDefinition/ig-parameter"},{"extension":[{"url":"code","valueString":"path-qa"},{"url":"value","valueString":"temp/qa"}],"url":"http://hl7.org/fhir/tools/StructureDefinition/ig-parameter"},{"extension":[{"url":"code","valueString":"path-temp"},{"url":"value","valueString":"temp/pages"}],"url":"http://hl7.org/fhir/tools/StructureDefinition/ig-parameter"},{"extension":[{"url":"code","valueString":"path-output"},{"url":"value","valueString":"output"}],"url":"http://hl7.org/fhir/tools/StructureDefinition/ig-parameter"},{"extension":[{"url":"code","valueString":"path-suppressed-warnings"},{"url":"value","valueString":"input/ignoreWarnings.txt"}],"url":"http://hl7.org/fhir/tools/StructureDefinition/ig-parameter"},{"extension":[{"url":"code","valueString":"path-history"},{"url":"value","valueString":"https://about.me/robeastwood/fhir/ig/history.html"}],"url":"http://hl7.org/fhir/tools/StructureDefinition/ig-parameter"},{"extension":[{"url":"code","valueString":"template-html"},{"url":"value","valueString":"template-page.html"}],"url":"http://hl7.org/fhir/tools/StructureDefinition/ig-parameter"},{"extension":[{"url":"code","valueString":"template-md"},{"url":"value","valueString":"template-page-md.html"}],"url":"http://hl7.org/fhir/tools/StructureDefinition/ig-parameter"},{"extension":[{"url":"code","valueString":"apply-contact"},{"url":"value","valueString":"true"}],"url":"http://hl7.org/fhir/tools/StructureDefinition/ig-parameter"},{"extension":[{"url":"code","valueString":"apply-context"},{"url":"value","valueString":"true"}],"url":"http://hl7.org/fhir/tools/StructureDefinition/ig-parameter"},{"extension":[{"url":"code","valueString":"apply-copyright"},{"url":"value","valueString":"true"}],"url":"http://hl7.org/fhir/tools/StructureDefinition/ig-parameter"},{"extension":[{"url":"code","valueString":"apply-jurisdiction"},{"url":"value","valueString":"true"}],"url":"http://hl7.org/fhir/tools/StructureDefinition/ig-parameter"},{"extension":[{"url":"code","valueString":"apply-license"},{"url":"value","valueString":"true"}],"url":"http://hl7.org/fhir/tools/StructureDefinition/ig-parameter"},{"extension":[{"url":"code","valueString":"apply-publisher"},{"url":"value","valueString":"true"}],"url":"http://hl7.org/fhir/tools/StructureDefinition/ig-parameter"},{"extension":[{"url":"code","valueString":"apply-version"},{"url":"value","valueString":"true"}],"url":"http://hl7.org/fhir/tools/StructureDefinition/ig-parameter"},{"extension":[{"url":"code","valueString":"active-tables"},{"url":"value","valueString":"true"}],"url":"http://hl7.org/fhir/tools/StructureDefinition/ig-parameter"}],"grouping":[{"id":"-str-profile","name":"Structures: Resource Profiles","description":"These define constraints on FHIR resources for systems conforming to this implementation guide"},{"id":"-ex-example","name":"Example: Example Instances","description":"These are example instances that show what data produced and consumed by systems conforming with this implementation guide might look like"}],"resource":[{"extension":[{"url":"http://hl7.org/fhir/StructureDefinition/implementationguide-page","valueUri":"StructureDefinition-Patient-base.html"}],"reference":{"reference":"StructureDefinition/Patient-base"},"name":"Patient Base","description":"Overriding description because we can","groupingId":"-str-profile"},{"extension":[{"url":"http://hl7.org/fhir/StructureDefinition/implementationguide-page","valueUri":"StructureDefinition-structuredefinition-meta-1.html"}],"reference":{"reference":"StructureDefinition/structuredefinition-meta-1"},"name":"StructureDefinition Meta","description":"This StructureDefinition profile enforces conventions for profiles, in metadata and structure","groupingId":"-str-profile"},{"extension":[{"url":"http://hl7.org/fhir/StructureDefinition/implementationguide-page","valueUri":"Patient-patient-example-01.html"}],"reference":{"reference":"Patient/patient-example-01"},"name":"Simple patient example","description":"A simple example showing how examples are defined and referenced","exampleCanonical":"https://about.me/robeastwood/fhir/ig/StructureDefinition/Patient-base","groupingId":"-ex-example"},{"extension":[{"url":"http://hl7.org/fhir/StructureDefinition/implementationguide-page","valueUri":"StructureDefinition-structuredefinition-hl7au-vsd-1.html"}],"reference":{"reference":"StructureDefinition/structuredefinition-hl7au-vsd-1"},"name":"HL7 AU ValueSet Base","description":"The purpose of this profile is to enforce conventions for ValueSets, in metadata and structure","groupingId":"-str-profile"},{"extension":[{"url":"http://hl7.org/fhir/StructureDefinition/implementationguide-page","valueUri":"StructureDefinition-structuredefinition-hl7au-csd-ext-1.html"}],"reference":{"reference":"StructureDefinition/structuredefinition-hl7au-csd-ext-1"},"name":"HL7 AU CodeSystem AU Extended","description":"The purpose of this profile is to enforce metadata and structure conventions for CodeSystems that have been extended for use in Australia.","groupingId":"-str-profile"},{"extension":[{"url":"http://hl7.org/fhir/StructureDefinition/implementationguide-page","valueUri":"StructureDefinition-structuredefinition-hl7au-sdf-1.html"}],"reference":{"reference":"StructureDefinition/structuredefinition-hl7au-sdf-1"},"name":"HL7 AU StructureDefinition Base","description":"The purpose of this profile is to enforce conventions for profiles, in metadata and structure","groupingId":"-str-profile"},{"extension":[{"url":"http://hl7.org/fhir/StructureDefinition/implementationguide-page","valueUri":"StructureDefinition-structuredefinition-hl7au-vsd-ext-1.html"}],"reference":{"reference":"StructureDefinition/structuredefinition-hl7au-vsd-ext-1"},"name":"HL7 AU ValueSet AU Extended","description":"The purpose of this profile is to enforce metadata and structure conventions for ValueSets that have been extended for use in Australia.","groupingId":"-str-profile"},{"extension":[{"url":"http://hl7.org/fhir/StructureDefinition/implementationguide-page","valueUri":"StructureDefinition-structuredefinition-hl7au-csd-1.html"}],"reference":{"reference":"StructureDefinition/structuredefinition-hl7au-csd-1"},"name":"HL7 AU CodeSystem Base","description":"The purpose of this profile is to enforce conventions for CodeSystems, in metadata and structure","groupingId":"-str-profile"}],"page":{"nameUrl":"toc.html","title":"Table of Contents","generation":"html","page":[{"nameUrl":"index.html","title":"MyIG Home Page","generation":"html"},{"nameUrl":"background.html","title":"Background","generation":"html"},{"nameUrl":"spec.html","title":"Detailed Specification","generation":"markdown"},{"nameUrl":"downloads.html","title":"Useful Downloads","generation":"html"},{"nameUrl":"changes.html","title":"IG Change History","generation":"html"},{"nameUrl":"artifacts.html","title":"Artifacts Summary","generation":"html","page":[{"nameUrl":"StructureDefinition-Patient-base.html","title":"Patient Base","generation":"generated"},{"nameUrl":"StructureDefinition-structuredefinition-meta-1.html","title":"StructureDefinition Meta","generation":"generated"},{"nameUrl":"StructureDefinition-structuredefinition-hl7au-vsd-1.html","title":"HL7 AU ValueSet Base","generation":"generated"},{"nameUrl":"StructureDefinition-structuredefinition-hl7au-csd-ext-1.html","title":"HL7 AU CodeSystem AU Extended","generation":"generated"},{"nameUrl":"StructureDefinition-structuredefinition-hl7au-sdf-1.html","title":"HL7 AU StructureDefinition Base","generation":"generated"},{"nameUrl":"StructureDefinition-structuredefinition-hl7au-vsd-ext-1.html","title":"HL7 AU ValueSet AU Extended","generation":"generated"},{"nameUrl":"StructureDefinition-structuredefinition-hl7au-csd-1.html","title":"HL7 AU CodeSystem Base","generation":"generated"},{"nameUrl":"Patient-patient-example-01.html","title":"Simple patient example","generation":"generated"}]}]},"parameter":[{"code":"path-resource","value":"input/resources"},{"code":"path-resource","value":"input/resources/StructureDefinition-meta/"},{"code":"path-resource","value":"input/capabilities"},{"code":"path-resource","value":"input/examples"},{"code":"path-resource","value":"input/extensions"},{"code":"path-resource","value":"input/models"},{"code":"path-resource","value":"input/operations"},{"code":"path-resource","value":"input/profiles"},{"code":"path-resource","value":"input/vocabulary"},{"code":"path-resource","value":"input/testing"},{"code":"path-resource","value":"input/history"},{"code":"path-resource","value":"fsh-generated/resources"},{"code":"path-pages","value":"template/config"},{"code":"path-pages","value":"input/images"},{"code":"path-tx-cache","value":"input-cache/txcache"}]}}