<?xml version="1.0" encoding="UTF-8"?><ImplementationGuide xmlns="http://hl7.org/fhir"><id value="fhir.ig.experiment.01"/><text><status value="extensions"/><div xmlns="http://www.w3.org/1999/xhtml"><h2>FHIRIGExperiment01</h2><p>The official URL for this implementation guide is: </p><pre>https://about.me/robeastwood/fhir/ig/ImplementationGuide/fhir.ig.experiment.01</pre><div><p>FHIR IG experiments</p>
</div></div></text><url value="https://about.me/robeastwood/fhir/ig/ImplementationGuide/fhir.ig.experiment.01"/><version value="0.0.1"/><name value="FHIRIGExperiment01"/><title value="FHIR Implementation Guide Experiment 01"/><status value="draft"/><experimental value="false"/><date value="2021-07-22T02:53:46+00:00"/><contact><telecom><system value="url"/><value value="https://github.com/robeastwood-agency"/></telecom></contact><description value="FHIR IG experiments"/><jurisdiction><coding><system value="urn:iso:std:iso:3166"/><code value="AU"/></coding></jurisdiction><packageId value="fhir.ig.experiment.01"/><license value="CC0-1.0"/><fhirVersion value="4.0.1"/><definition><extension url="http://hl7.org/fhir/tools/StructureDefinition/ig-parameter"><extension url="code"><valueString value="copyrightyear"/></extension><extension url="value"><valueString value="2020+"/></extension></extension><extension url="http://hl7.org/fhir/tools/StructureDefinition/ig-parameter"><extension url="code"><valueString value="releaselabel"/></extension><extension url="value"><valueString value="CI Build"/></extension></extension><extension url="http://hl7.org/fhir/tools/StructureDefinition/ig-parameter"><extension url="code"><valueString value="excludettl"/></extension><extension url="value"><valueString value="true"/></extension></extension><extension url="http://hl7.org/fhir/tools/StructureDefinition/ig-parameter"><extension url="code"><valueString value="excludemap"/></extension><extension url="value"><valueString value="true"/></extension></extension><extension url="http://hl7.org/fhir/tools/StructureDefinition/ig-parameter"><extension url="code"><valueString value="autoload-resources"/></extension><extension url="value"><valueString value="true"/></extension></extension><extension url="http://hl7.org/fhir/tools/StructureDefinition/ig-parameter"><extension url="code"><valueString value="path-liquid"/></extension><extension url="value"><valueString value="template/liquid"/></extension></extension><extension url="http://hl7.org/fhir/tools/StructureDefinition/ig-parameter"><extension url="code"><valueString value="path-liquid"/></extension><extension url="value"><valueString value="input/liquid"/></extension></extension><extension url="http://hl7.org/fhir/tools/StructureDefinition/ig-parameter"><extension url="code"><valueString value="path-qa"/></extension><extension url="value"><valueString value="temp/qa"/></extension></extension><extension url="http://hl7.org/fhir/tools/StructureDefinition/ig-parameter"><extension url="code"><valueString value="path-temp"/></extension><extension url="value"><valueString value="temp/pages"/></extension></extension><extension url="http://hl7.org/fhir/tools/StructureDefinition/ig-parameter"><extension url="code"><valueString value="path-output"/></extension><extension url="value"><valueString value="output"/></extension></extension><extension url="http://hl7.org/fhir/tools/StructureDefinition/ig-parameter"><extension url="code"><valueString value="path-suppressed-warnings"/></extension><extension url="value"><valueString value="input/ignoreWarnings.txt"/></extension></extension><extension url="http://hl7.org/fhir/tools/StructureDefinition/ig-parameter"><extension url="code"><valueString value="path-history"/></extension><extension url="value"><valueString value="https://about.me/robeastwood/fhir/ig/history.html"/></extension></extension><extension url="http://hl7.org/fhir/tools/StructureDefinition/ig-parameter"><extension url="code"><valueString value="template-html"/></extension><extension url="value"><valueString value="template-page.html"/></extension></extension><extension url="http://hl7.org/fhir/tools/StructureDefinition/ig-parameter"><extension url="code"><valueString value="template-md"/></extension><extension url="value"><valueString value="template-page-md.html"/></extension></extension><extension url="http://hl7.org/fhir/tools/StructureDefinition/ig-parameter"><extension url="code"><valueString value="apply-contact"/></extension><extension url="value"><valueString value="true"/></extension></extension><extension url="http://hl7.org/fhir/tools/StructureDefinition/ig-parameter"><extension url="code"><valueString value="apply-context"/></extension><extension url="value"><valueString value="true"/></extension></extension><extension url="http://hl7.org/fhir/tools/StructureDefinition/ig-parameter"><extension url="code"><valueString value="apply-copyright"/></extension><extension url="value"><valueString value="true"/></extension></extension><extension url="http://hl7.org/fhir/tools/StructureDefinition/ig-parameter"><extension url="code"><valueString value="apply-jurisdiction"/></extension><extension url="value"><valueString value="true"/></extension></extension><extension url="http://hl7.org/fhir/tools/StructureDefinition/ig-parameter"><extension url="code"><valueString value="apply-license"/></extension><extension url="value"><valueString value="true"/></extension></extension><extension url="http://hl7.org/fhir/tools/StructureDefinition/ig-parameter"><extension url="code"><valueString value="apply-publisher"/></extension><extension url="value"><valueString value="true"/></extension></extension><extension url="http://hl7.org/fhir/tools/StructureDefinition/ig-parameter"><extension url="code"><valueString value="apply-version"/></extension><extension url="value"><valueString value="true"/></extension></extension><extension url="http://hl7.org/fhir/tools/StructureDefinition/ig-parameter"><extension url="code"><valueString value="active-tables"/></extension><extension url="value"><valueString value="true"/></extension></extension><grouping id="-str-profile"><name value="Structures: Resource Profiles"/><description value="These define constraints on FHIR resources for systems conforming to this implementation guide"/></grouping><grouping id="-ex-example"><name value="Example: Example Instances"/><description value="These are example instances that show what data produced and consumed by systems conforming with this implementation guide might look like"/></grouping><resource><extension url="http://hl7.org/fhir/StructureDefinition/implementationguide-page"><valueUri value="StructureDefinition-Patient-base.html"/></extension><reference><reference value="StructureDefinition/Patient-base"/></reference><name value="Patient Base"/><description value="Overriding description because we can"/><groupingId value="-str-profile"/></resource><resource><extension url="http://hl7.org/fhir/StructureDefinition/implementationguide-page"><valueUri value="StructureDefinition-structuredefinition-meta-1.html"/></extension><reference><reference value="StructureDefinition/structuredefinition-meta-1"/></reference><name value="StructureDefinition Meta"/><description value="This StructureDefinition profile enforces conventions for profiles, in metadata and structure"/><groupingId value="-str-profile"/></resource><resource><extension url="http://hl7.org/fhir/StructureDefinition/implementationguide-page"><valueUri value="Patient-patient-example-01.html"/></extension><reference><reference value="Patient/patient-example-01"/></reference><name value="Simple patient example"/><description value="A simple example showing how examples are defined and referenced"/><exampleCanonical value="https://about.me/robeastwood/fhir/ig/StructureDefinition/Patient-base"/><groupingId value="-ex-example"/></resource><resource><extension url="http://hl7.org/fhir/StructureDefinition/implementationguide-page"><valueUri value="StructureDefinition-structuredefinition-hl7au-csd-1.html"/></extension><reference><reference value="StructureDefinition/structuredefinition-hl7au-csd-1"/></reference><name value="HL7 AU CodeSystem Base"/><description value="The purpose of this profile is to enforce conventions for CodeSystems, in metadata and structure"/><groupingId value="-str-profile"/></resource><resource><extension url="http://hl7.org/fhir/StructureDefinition/implementationguide-page"><valueUri value="StructureDefinition-structuredefinition-hl7au-vsd-1.html"/></extension><reference><reference value="StructureDefinition/structuredefinition-hl7au-vsd-1"/></reference><name value="HL7 AU ValueSet Base"/><description value="The purpose of this profile is to enforce conventions for ValueSets, in metadata and structure"/><groupingId value="-str-profile"/></resource><resource><extension url="http://hl7.org/fhir/StructureDefinition/implementationguide-page"><valueUri value="StructureDefinition-structuredefinition-hl7au-sdf-1.html"/></extension><reference><reference value="StructureDefinition/structuredefinition-hl7au-sdf-1"/></reference><name value="HL7 AU StructureDefinition Base"/><description value="The purpose of this profile is to enforce conventions for profiles, in metadata and structure"/><groupingId value="-str-profile"/></resource><page><nameUrl value="toc.html"/><title value="Table of Contents"/><generation value="html"/><page><nameUrl value="index.html"/><title value="MyIG Home Page"/><generation value="html"/></page><page><nameUrl value="background.html"/><title value="Background"/><generation value="html"/></page><page><nameUrl value="spec.html"/><title value="Detailed Specification"/><generation value="markdown"/></page><page><nameUrl value="downloads.html"/><title value="Useful Downloads"/><generation value="html"/></page><page><nameUrl value="changes.html"/><title value="IG Change History"/><generation value="html"/></page><page><nameUrl value="artifacts.html"/><title value="Artifacts Summary"/><generation value="html"/><page><nameUrl value="StructureDefinition-Patient-base.html"/><title value="Patient Base"/><generation value="generated"/></page><page><nameUrl value="StructureDefinition-structuredefinition-meta-1.html"/><title value="StructureDefinition Meta"/><generation value="generated"/></page><page><nameUrl value="StructureDefinition-structuredefinition-hl7au-csd-1.html"/><title value="HL7 AU CodeSystem Base"/><generation value="generated"/></page><page><nameUrl value="StructureDefinition-structuredefinition-hl7au-vsd-1.html"/><title value="HL7 AU ValueSet Base"/><generation value="generated"/></page><page><nameUrl value="StructureDefinition-structuredefinition-hl7au-sdf-1.html"/><title value="HL7 AU StructureDefinition Base"/><generation value="generated"/></page><page><nameUrl value="Patient-patient-example-01.html"/><title value="Simple patient example"/><generation value="generated"/></page></page></page><parameter><code value="path-resource"/><value value="input/resources"/></parameter><parameter><code value="path-resource"/><value value="input/resources/StructureDefinition-meta/"/></parameter><parameter><code value="path-resource"/><value value="input/capabilities"/></parameter><parameter><code value="path-resource"/><value value="input/examples"/></parameter><parameter><code value="path-resource"/><value value="input/extensions"/></parameter><parameter><code value="path-resource"/><value value="input/models"/></parameter><parameter><code value="path-resource"/><value value="input/operations"/></parameter><parameter><code value="path-resource"/><value value="input/profiles"/></parameter><parameter><code value="path-resource"/><value value="input/vocabulary"/></parameter><parameter><code value="path-resource"/><value value="input/testing"/></parameter><parameter><code value="path-resource"/><value value="input/history"/></parameter><parameter><code value="path-resource"/><value value="fsh-generated/resources"/></parameter><parameter><code value="path-pages"/><value value="template/config"/></parameter><parameter><code value="path-pages"/><value value="input/images"/></parameter><parameter><code value="path-tx-cache"/><value value="input-cache/txcache"/></parameter></definition></ImplementationGuide>