{
  "package": "fhir.ig.experiment.01",
  "version": "0.0.1",
  "fhirVersion": "4.0.1",
  "jurisdiction": "AU",
  "extensions": [],
  "profiles": {
    "Patient": [
      {
        "url": "https://about.me/robeastwood/fhir/ig/StructureDefinition/Patient-base",
        "title": "Patient Base"
      }
    ],
    "CodeSystem": [
      {
        "url": "https://about.me/robeastwood/fhir/ig/StructureDefinition/structuredefinition-hl7au-csd-1",
        "title": "HL7 AU CodeSystem Base"
      },
      {
        "url": "https://about.me/robeastwood/fhir/ig/StructureDefinition/structuredefinition-hl7au-csd-ext-1",
        "title": "HL7 AU CodeSystem AU Extended"
      }
    ],
    "StructureDefinition": [
      {
        "url": "https://about.me/robeastwood/fhir/ig/StructureDefinition/structuredefinition-meta-1",
        "title": "StructureDefinition Meta"
      }
    ],
    "ValueSet": [
      {
        "url": "https://about.me/robeastwood/fhir/ig/StructureDefinition/structuredefinition-hl7au-vsd-1",
        "title": "HL7 AU ValueSet Base"
      },
      {
        "url": "https://about.me/robeastwood/fhir/ig/StructureDefinition/structuredefinition-hl7au-vsd-ext-1",
        "title": "HL7 AU ValueSet AU Extended"
      }
    ]
  },
  "usage": {
    "http://hl7.org/fhir/StructureDefinition/elementdefinition-bestpractice": [
      "StructureDefinition.snapshot.element.constraint"
    ],
    "http://hl7.org/fhir/StructureDefinition/elementdefinition-bestpractice-explanation": [
      "StructureDefinition.snapshot.element.constraint"
    ],
    "http://hl7.org/fhir/StructureDefinition/elementdefinition-bindingName": [
      "StructureDefinition.snapshot.element.binding"
    ],
    "http://hl7.org/fhir/StructureDefinition/elementdefinition-isCommonBinding": [
      "StructureDefinition.snapshot.element.binding"
    ],
    "http://hl7.org/fhir/StructureDefinition/elementdefinition-maxValueSet": [
      "StructureDefinition.snapshot.element.binding"
    ],
    "http://hl7.org/fhir/StructureDefinition/elementdefinition-translatable": [
      "StructureDefinition.snapshot.element"
    ],
    "http://hl7.org/fhir/StructureDefinition/structuredefinition-explicit-type-name": [
      "StructureDefinition.snapshot.element"
    ],
    "http://hl7.org/fhir/StructureDefinition/structuredefinition-fhir-type": [
      "StructureDefinition.snapshot.element.type"
    ],
    "http://hl7.org/fhir/StructureDefinition/structuredefinition-hierarchy": [
      "StructureDefinition.snapshot.element.type"
    ],
    "http://hl7.org/fhir/tools/StructureDefinition/ig-parameter": [
      "ImplementationGuide.definition"
    ],
    "http://hl7.org/fhir/tools/StructureDefinition/resource-information": [
      "ImplementationGuide.definition.resource"
    ]
  }
}